"match_id","balls_per_over","team_1","team_2","gender","season","date","event","match_number","venue","city","toss_winner","toss_decision","player_of_match","umpire_1","umpire_2","tv_umpire","match_referee","winner","winner_runs","winner_wickets","method","outcome","eliminator","reserve_umpire"
"1188382","6","Sydney Sixers","Sydney Thunder","female","2019/20","2019/10/18","Women's Big Bash League","1","North Sydney Oval","Sydney","Sydney Sixers","bat","EA Perry","SA Lightbody","Marc Nickl","BC Treloar","Dave Gilbert","Sydney Sixers","49",NA,NA,NA,NA,NA
"1188383","6","Adelaide Strikers","Melbourne Renegades","female","2019/20","2019/10/19","Women's Big Bash League","2","Karen Rolton Oval","Adelaide","Adelaide Strikers","field","SFM Devine","Harry Singh","C Thomas",NA,"Ian Thomas","Adelaide Strikers",NA,"6",NA,NA,NA,NA
"1188384","6","Melbourne Stars","Hobart Hurricanes","female","2019/20","2019/10/19","Women's Big Bash League","4","Junction Oval","Melbourne","Melbourne Stars","field","B Vakarewa","Greg Azzopardi","D Brigham",NA,"Damien Herft","Hobart Hurricanes","20",NA,NA,NA,NA,NA
"1188385","6","Sydney Sixers","Brisbane Heat","female","2019/20","2019/10/19","Women's Big Bash League","3","North Sydney Oval","Sydney","Brisbane Heat","bat","L Harris","DR Close","Berend du Plessis","SA Lightbody","Tim Donahoo","Brisbane Heat","92",NA,NA,NA,NA,NA
"1188386","6","Adelaide Strikers","Melbourne Renegades","female","2019/20","2019/10/20","Women's Big Bash League","7","Karen Rolton Oval","Adelaide","Adelaide Strikers","bat","DN Wyatt","Eloise Sheridan","MV Waldron",NA,"Ian Thomas","Melbourne Renegades",NA,"5",NA,NA,NA,NA
"1188387","6","Melbourne Stars","Hobart Hurricanes","female","2019/20","2019/10/20","Women's Big Bash League","5","Junction Oval","Melbourne","Hobart Hurricanes","field","NJ Carey","D Ireland","Mattis van Eck",NA,"Kent Hannam","Hobart Hurricanes",NA,"5",NA,NA,NA,NA
"1188388","6","Sydney Thunder","Brisbane Heat","female","2019/20","2019/10/20","Women's Big Bash League","6","North Sydney Oval","Sydney","Brisbane Heat","bat","P Litchfield","Troy Penman","AR Hamilton","SA Lightbody","Neil Findlay","Sydney Thunder",NA,"7",NA,NA,NA,NA
"1188389","6","Melbourne Renegades","Perth Scorchers","female","2019/20","2019/10/23","Women's Big Bash League","8","Junction Oval","Melbourne","Melbourne Renegades","field","S Molineux","D Ireland","Greg Azzopardi",NA,"Kent Hannam","Melbourne Renegades",NA,"4",NA,NA,NA,NA
"1188390","6","Adelaide Strikers","Hobart Hurricanes","female","2019/20","2019/10/26","Women's Big Bash League","9","Allan Border Field","Brisbane","Hobart Hurricanes","field","SJ Coyte","DR Close","SE Dionysius","NR Johnstone","Kepler Wessels","Adelaide Strikers","3",NA,NA,NA,NA,NA
"1188391","6","Sydney Sixers","Melbourne Stars","female","2019/20","2019/10/26","Women's Big Bash League","11","Hurstville Oval","Sydney","Melbourne Stars","bat","M Kapp","Berend du Plessis","Marc Nickl",NA,"Ian Thomas","Sydney Sixers",NA,"8",NA,NA,NA,NA
"1188392","6","Brisbane Heat","Perth Scorchers","female","2019/20","2019/10/26","Women's Big Bash League","10","Allan Border Field","Brisbane","Perth Scorchers","field","AE Jones","D Taylor","SA Lightbody","CA Polosak","Dave Gilbert","Perth Scorchers",NA,"9",NA,NA,NA,NA
"1188393","6","Sydney Thunder","Melbourne Renegades","female","2019/20","2019/10/26","Women's Big Bash League","12","Blacktown International Sportspark","Sydney","Melbourne Renegades","field","S Ismail","Roberto Howard","AR Hamilton",NA,"Tim Donahoo","Sydney Thunder","3",NA,NA,NA,NA,NA
"1188394","6","Adelaide Strikers","Perth Scorchers","female","2019/20","2019/10/27","Women's Big Bash League","13","Allan Border Field","Brisbane","Adelaide Strikers","field","TM McGrath","Steven Farrell","BC Treloar","DR Close","Dave Gilbert","Adelaide Strikers",NA,"7",NA,NA,NA,NA
"1188395","6","Sydney Thunder","Melbourne Stars","female","2019/20","2019/10/27","Women's Big Bash League","15","Bankstown Oval","Sydney","Sydney Thunder","field","AJ Blackwell","AR Hamilton","Berend du Plessis",NA,"Ian Thomas","Sydney Thunder",NA,"4",NA,NA,NA,NA
"1188396","6","Brisbane Heat","Hobart Hurricanes","female","2019/20","2019/10/27","Women's Big Bash League","14","Allan Border Field","Brisbane","Brisbane Heat","field","JL Jonassen","D Taylor","CA Polosak","SA Lightbody","Kepler Wessels","Brisbane Heat",NA,"5",NA,NA,NA,NA
"1188397","6","Perth Scorchers","Melbourne Renegades","female","2019/20","2019/11/01","Women's Big Bash League","16","W.A.C.A. Ground","Perth","Perth Scorchers","field","MM Lanning","Ashlee Gibbons","CA Polosak","NR Johnstone","Terry Prue","Perth Scorchers",NA,"8","D/L",NA,NA,NA
"1188398","6","Melbourne Renegades","Sydney Sixers","female","2019/20","2019/11/02","Women's Big Bash League","18","W.A.C.A. Ground","Perth","Sydney Sixers","field","D van Niekerk","NR Johnstone","J Hewitt","CA Polosak","Terry Prue","Sydney Sixers",NA,"4",NA,NA,NA,NA
"1188399","6","Perth Scorchers","Melbourne Stars","female","2019/20","2019/11/02","Women's Big Bash League","19","W.A.C.A. Ground","Perth","Perth Scorchers","field","L Lee","Troy Penman","T Steenholdt","NR Johnstone","Tim Donahoo","Melbourne Stars","20",NA,NA,NA,NA,NA
"1188401","6","Brisbane Heat","Adelaide Strikers","female","2019/20","2019/11/02","Women's Big Bash League","20","Harrup Park","Mackay","Adelaide Strikers","field","BE Patterson","Steven Farrell","D Taylor",NA,"Kepler Wessels","Adelaide Strikers",NA,"8",NA,NA,NA,NA
"1188403","6","Hobart Hurricanes","Sydney Thunder","female","2019/20","2019/11/03","Women's Big Bash League","23","West Park Oval","Burnie","Sydney Thunder","field","RH Priest","DR Close","Simon Burns",NA,"David Johnston","Sydney Thunder",NA,"6",NA,NA,NA,NA
"1188404","6","Brisbane Heat","Adelaide Strikers","female","2019/20","2019/11/03","Women's Big Bash League","22","Harrup Park","Mackay","Adelaide Strikers","bat","BL Mooney","Steven Farrell","D Taylor",NA,"Kepler Wessels","Brisbane Heat",NA,"9",NA,NA,NA,NA
"1188405","6","Melbourne Renegades","Hobart Hurricanes","female","2019/20","2019/11/09","Women's Big Bash League","24","Junction Oval","Melbourne","Melbourne Renegades","field","JE Cameron","D Ireland","Greg Azzopardi",NA,"Kent Hannam","Melbourne Renegades",NA,"4",NA,NA,NA,NA
"1188406","6","Adelaide Strikers","Perth Scorchers","female","2019/20","2019/11/09","Women's Big Bash League","25","Karen Rolton Oval","Adelaide","Adelaide Strikers","field","AE Jones","CA Polosak","Eloise Sheridan","DR Close","Neil Findlay","Perth Scorchers","2",NA,NA,NA,NA,NA
"1188407","6","Sydney Sixers","Brisbane Heat","female","2019/20","2019/11/09","Women's Big Bash League","26","North Sydney Oval","Sydney","Sydney Sixers","bat","JL Jonassen","Roberto Howard","Berend du Plessis",NA,"Tim Donahoo","Brisbane Heat",NA,"7",NA,NA,NA,NA
"1188408","6","Adelaide Strikers","Melbourne Stars","female","2019/20","2019/11/10","Women's Big Bash League","29","Karen Rolton Oval","Adelaide","Melbourne Stars","field","SFM Devine","C Thomas","DR Close","Eloise Sheridan","Neil Findlay","Adelaide Strikers","17",NA,NA,NA,NA,NA
"1188409","6","Perth Scorchers","Sydney Thunder","female","2019/20","2019/11/10","Women's Big Bash League","27","Karen Rolton Oval","Adelaide","Sydney Thunder","field","H Graham","Harry Singh","MV Waldron",NA,"Damien Herft","Perth Scorchers","7",NA,NA,NA,NA,NA
"1188410","6","Melbourne Renegades","Hobart Hurricanes","female","2019/20","2019/11/10","Women's Big Bash League","28","Junction Oval","Melbourne","Melbourne Renegades","field","M Strano","D Brigham","Mattis van Eck",NA,"Kent Hannam","Melbourne Renegades",NA,"8",NA,NA,NA,NA
"1188411","6","Perth Scorchers","Sydney Thunder","female","2019/20","2019/11/12","Women's Big Bash League","30","W.A.C.A. Ground","Perth","Sydney Thunder","field","NR Sciver","Dean Trigg","J Hewitt",NA,"Terry Prue","Perth Scorchers","11",NA,NA,NA,NA,NA
"1188412","6","Hobart Hurricanes","Sydney Sixers","female","2019/20","2019/11/13","Women's Big Bash League","31","Invermay Park","Launceston","Hobart Hurricanes","field","EA Perry","G Beechey","Simon Burns",NA,"David Johnston","Sydney Sixers","39",NA,NA,NA,NA,NA
"1188413","6","Melbourne Stars","Brisbane Heat","female","2019/20","2019/11/13","Women's Big Bash League","32","Junction Oval","Melbourne","Brisbane Heat","field","M du Preez","D Ireland","Mattis van Eck",NA,"Damien Herft","Brisbane Heat",NA,"9",NA,NA,NA,NA
"1188414","6","Sydney Thunder","Sydney Sixers","female","2019/20","2019/11/15","Women's Big Bash League","33","Drummoyne Oval","Sydney","Sydney Thunder","field","EA Perry","BC Treloar","Marc Nickl","Troy Penman","Dave Gilbert","Sydney Sixers","40",NA,NA,NA,NA,NA
"1188415","6","Sydney Thunder","Brisbane Heat","female","2019/20","2019/11/16","Women's Big Bash League","34","Drummoyne Oval","Sydney","Sydney Thunder","field","AC Kerr","Troy Penman","Marc Nickl","BC Treloar","Neil Findlay","Brisbane Heat","32",NA,NA,NA,NA,NA
"1188416","6","Melbourne Stars","Adelaide Strikers","female","2019/20","2019/11/16","Women's Big Bash League","35","Nuriootpa Centennial Park","Nuriootpa","Melbourne Stars","field","SFM Devine","C Thomas","MV Waldron",NA,"Damien Herft","Adelaide Strikers","57",NA,NA,NA,NA,NA
"1188417","6","Brisbane Heat","Perth Scorchers","female","2019/20","2019/11/17","Women's Big Bash League","37","Drummoyne Oval","Sydney","Brisbane Heat","field","JL Jonassen","Sharad Patel","AR Hamilton",NA,"Ian Thomas","Brisbane Heat",NA,"8",NA,NA,NA,NA
"1188418","6","Sydney Sixers","Melbourne Renegades","female","2019/20","2019/11/17","Women's Big Bash League","36","Drummoyne Oval","Sydney","Melbourne Renegades","field","C Webb","Keiran Knight","SA Lightbody","Troy Penman","Neil Findlay","Melbourne Renegades",NA,"2",NA,NA,NA,NA
"1188419","6","Melbourne Stars","Perth Scorchers","female","2019/20","2019/11/20","Women's Big Bash League","39","Junction Oval","Melbourne","Perth Scorchers","field","AE Jones","Greg Azzopardi","Mattis van Eck",NA,"Kepler Wessels","Perth Scorchers",NA,"9",NA,NA,NA,NA
"1188423","6","Hobart Hurricanes","Brisbane Heat","female","2019/20","2019/11/22","Women's Big Bash League","42","Bellerive Oval","Hobart","Hobart Hurricanes","field","AC Kerr","DR Close","TJ Matibiri","Troy Penman","David Johnston","Brisbane Heat","7",NA,NA,NA,NA,NA
"1188424","6","Hobart Hurricanes","Adelaide Strikers","female","2019/20","2019/11/23","Women's Big Bash League","45","Bellerive Oval","Hobart","Hobart Hurricanes","field","SW Bates","Troy Penman","M Qureshi","DR Close","David Johnston","Adelaide Strikers","2",NA,NA,NA,NA,NA
"1188425","6","Melbourne Renegades","Melbourne Stars","female","2019/20","2019/11/23","Women's Big Bash League","44","Eastern Oval","Ballarat","Melbourne Stars","field","A Lanning","Greg Azzopardi","D Brigham",NA,"Damien Herft","Melbourne Stars",NA,"7",NA,NA,NA,NA
"1188427","6","Adelaide Strikers","Sydney Thunder","female","2019/20","2019/11/24","Women's Big Bash League","46","Bellerive Oval","Hobart","Sydney Thunder","field","SFM Devine","M Qureshi","TJ Matibiri",NA,"David Johnston",NA,NA,NA,NA,"tie","Adelaide Strikers",NA
"1188428","6","Perth Scorchers","Sydney Sixers","female","2019/20","2019/11/24","Women's Big Bash League","47","Lilac Hill Park","Perth","Perth Scorchers","field","MM Lanning","T Steenholdt","J Hewitt",NA,"Terry Prue","Perth Scorchers",NA,"8",NA,NA,NA,NA
"1188429","6","Brisbane Heat","Melbourne Renegades","female","2019/20","2019/11/27","Women's Big Bash League","48","Allan Border Field","Brisbane","Melbourne Renegades","field","DN Wyatt","Steven Farrell","SE Dionysius",NA,"Kepler Wessels","Melbourne Renegades",NA,"6",NA,NA,NA,NA
"1188430","6","Sydney Thunder","Melbourne Stars","female","2019/20","2019/11/27","Women's Big Bash League","49","Manuka Oval","Canberra","Melbourne Stars","field","AJ Blackwell","Andrew Scotford","Andrew Crozier",NA,"Dave Gilbert","Sydney Thunder","18",NA,NA,NA,NA,NA
"1188431","6","Melbourne Stars","Melbourne Renegades","female","2019/20","2019/11/30","Women's Big Bash League","50","Junction Oval","Melbourne","Melbourne Renegades","field","JE Cameron","D Brigham","BC Treloar","CA Polosak","Kent Hannam","Melbourne Renegades",NA,"6",NA,NA,NA,NA
"1188432","6","Sydney Sixers","Adelaide Strikers","female","2019/20","2019/11/30","Women's Big Bash League","51","Hurstville Oval","Sydney","Sydney Sixers","bat","SJ Coyte","Roberto Howard","Marc Nickl",NA,"Dave Gilbert","Adelaide Strikers",NA,"8",NA,NA,NA,NA
"1188433","6","Perth Scorchers","Hobart Hurricanes","female","2019/20","2019/11/30","Women's Big Bash League","52","Lilac Hill Park","Perth","Hobart Hurricanes","field","EG Fazackerley","Dean Trigg","Ashlee Gibbons",NA,"David Johnston","Hobart Hurricanes",NA,"6",NA,NA,NA,NA
"1188434","6","Melbourne Renegades","Sydney Thunder","female","2019/20","2019/12/01","Women's Big Bash League","53","Junction Oval","Melbourne","Sydney Thunder","field","M Strano","CA Polosak","Mattis van Eck","BC Treloar","Damien Herft","Melbourne Renegades","29",NA,NA,NA,NA,NA
"1188435","6","Sydney Sixers","Adelaide Strikers","female","2019/20","2019/12/01","Women's Big Bash League","54","Hurstville Oval","Sydney","Adelaide Strikers","field","AJ Healy","Roberto Howard","Marc Nickl",NA,"Tim Donahoo","Sydney Sixers","13",NA,NA,NA,NA,NA
"1188436","6","Perth Scorchers","Hobart Hurricanes","female","2019/20","2019/12/01","Women's Big Bash League","56","Lilac Hill Park","Perth","Hobart Hurricanes","field","MM Lanning","Dean Trigg","Ashlee Gibbons",NA,"David Johnston","Perth Scorchers","35",NA,NA,NA,NA,NA
"1188437","6","Melbourne Stars","Brisbane Heat","female","2019/20","2019/12/01","Women's Big Bash League","55","Junction Oval","Melbourne","Brisbane Heat","field","BL Mooney","D Ireland","Greg Azzopardi",NA,"Ian Thomas","Brisbane Heat",NA,"8",NA,NA,NA,NA
"1188438","6","Adelaide Strikers","Perth Scorchers","female","2019/20","2019/12/07","Women's Big Bash League",NA,"Allan Border Field","Brisbane","Adelaide Strikers","field","SFM Devine","DR Close","SA Lightbody","Troy Penman","David Johnston","Adelaide Strikers",NA,"8",NA,NA,NA,NA
"1188439","6","Brisbane Heat","Melbourne Renegades","female","2019/20","2019/12/07","Women's Big Bash League",NA,"Allan Border Field","Brisbane","Brisbane Heat","field","JL Jonassen","CA Polosak","BC Treloar","NR Johnstone","Neil Findlay","Brisbane Heat",NA,"4",NA,NA,NA,NA
"1188440","6","Adelaide Strikers","Brisbane Heat","female","2019/20","2019/12/08","Women's Big Bash League",NA,"Allan Border Field","Brisbane","Brisbane Heat","field","BL Mooney","CA Polosak","BC Treloar","DR Close","David Johnston","Brisbane Heat",NA,"6",NA,NA,NA,NA
"1152754","6","Perth Scorchers","Brisbane Heat","female","2018/19","2018/12/26","Women's Big Bash League","30","Perth Stadium","Perth","Brisbane Heat","field","H Birkett","NR Johnstone","T Steenholdt",NA,"Terry Prue","Brisbane Heat",NA,"5",NA,NA,NA,NA
"1152755","6","Sydney Sixers","Melbourne Renegades","female","2018/19","2018/12/27","Women's Big Bash League","31","Sydney Cricket Ground","Sydney","Melbourne Renegades","bat","AJ Healy","Ryan Nelson","Berend du Plessis",NA,"Neil Findlay","Sydney Sixers",NA,"7",NA,NA,NA,NA
"1152756","6","Sydney Sixers","Adelaide Strikers","female","2018/19","2018/12/28","Women's Big Bash League","32","Hurstville Oval","Sydney","Adelaide Strikers","field","AJ Healy","Troy Penman","Ryan Nelson",NA,"Dave Gilbert","Sydney Sixers","74",NA,NA,NA,NA,NA
"1152757","6","Perth Scorchers","Sydney Thunder","female","2018/19","2018/12/29","Women's Big Bash League","33","Lilac Hill Park","Perth","Perth Scorchers","field","MM Lanning","Ashlee Gibbons","J Hewitt",NA,"Terry Prue","Perth Scorchers",NA,"6",NA,NA,NA,NA
"1152758","6","Hobart Hurricanes","Brisbane Heat","female","2018/19","2018/12/31","Women's Big Bash League","37","Aurora Stadium","Launceston","Hobart Hurricanes","field","GM Harris","M Qureshi","DR Close",NA,"David Johnston","Brisbane Heat","58",NA,NA,NA,NA,NA
"1152759","6","Melbourne Renegades","Melbourne Stars","female","2018/19","2018/12/29","Women's Big Bash League","34","Docklands Stadium","Melbourne","Melbourne Renegades","field","AE Satterthwaite","D Brigham","Mattis van Eck",NA,"Kent Hannam","Melbourne Renegades",NA,"1",NA,NA,NA,NA
"1152760","6","Perth Scorchers","Sydney Thunder","female","2018/19","2018/12/30","Women's Big Bash League","35","Lilac Hill Park","Perth","Sydney Thunder","field","NE Bolton","T Steenholdt","J Paterson",NA,"Terry Prue","Perth Scorchers","3",NA,NA,NA,NA,NA
"1152761","6","Hobart Hurricanes","Brisbane Heat","female","2018/19","2018/12/30","Women's Big Bash League","36","Aurora Stadium","Launceston","Hobart Hurricanes","field","CL Hall","DR Close","TJ Matibiri",NA,"David Johnston","Hobart Hurricanes",NA,"5",NA,NA,NA,NA
"1152762","6","Adelaide Strikers","Sydney Sixers","female","2018/19","2018/12/31","Women's Big Bash League","38","Adelaide Oval","Adelaide","Sydney Sixers","bat","D van Niekerk","CA Polosak","Eloise Sheridan",NA,"John Biddiss","Sydney Sixers","8",NA,NA,NA,NA,NA
"1152763","6","Melbourne Stars","Melbourne Renegades","female","2018/19","2019/01/01","Women's Big Bash League","39","Melbourne Cricket Ground","Melbourne","Melbourne Stars","field","S Molineux","Greg Azzopardi","D Brigham",NA,"Damien Herft","Melbourne Renegades","48",NA,NA,NA,NA,NA
"1152764","6","Sydney Thunder","Sydney Sixers","female","2018/19","2019/01/02","Women's Big Bash League","40","Sydney Showground Stadium","Sydney","Sydney Thunder","field","L Griffith","Ryan Nelson","BC Treloar",NA,"Dave Gilbert","Sydney Thunder",NA,"8",NA,NA,NA,NA
"1152765","6","Melbourne Renegades","Hobart Hurricanes","female","2018/19","2019/01/03","Women's Big Bash League","41","Simonds Stadium, South Geelong, Victoria","Geelong","Hobart Hurricanes","bat","S Molineux","D Ireland","DJ Shepard",NA,"Kent Hannam","Melbourne Renegades",NA,"5",NA,NA,NA,NA
"1152766","6","Sydney Thunder","Melbourne Stars","female","2018/19","2019/01/05","Women's Big Bash League","42","Blacktown International Sportspark","Sydney","Sydney Thunder","bat",NA,"Troy Penman","Marc Nickl",NA,"Neil Findlay",NA,NA,NA,NA,"no result",NA,NA
"1152767","6","Brisbane Heat","Adelaide Strikers","female","2018/19","2019/01/05","Women's Big Bash League","43","Harrup Park","Mackay","Adelaide Strikers","field","JE Dooley","Steven Farrell","D Taylor",NA,"Kepler Wessels","Brisbane Heat","43",NA,NA,NA,NA,NA
"1152769","6","Sydney Thunder","Melbourne Stars","female","2018/19","2019/01/06","Women's Big Bash League","45","Bankstown Oval","Sydney","Melbourne Stars","field","NJ Carey","Troy Penman","Roberto Howard",NA,"Tim Donahoo","Sydney Thunder","5",NA,NA,NA,NA,NA
"1152770","6","Brisbane Heat","Melbourne Renegades","female","2018/19","2019/01/06","Women's Big Bash League","46","Harrup Park","Mackay","Melbourne Renegades","bat","S Molineux","Steven Farrell","D Taylor",NA,"Kepler Wessels","Melbourne Renegades","25",NA,NA,NA,NA,NA
"1152771","6","Sydney Thunder","Melbourne Renegades","female","2018/19","2019/01/08","Women's Big Bash League","47","Sydney Showground Stadium","Sydney","Sydney Thunder","field","AJ Blackwell","Troy Penman","DM Koch",NA,"Neil Findlay","Sydney Thunder",NA,"6",NA,NA,NA,NA
"1152772","6","Adelaide Strikers","Hobart Hurricanes","female","2018/19","2019/01/08","Women's Big Bash League","48","Karen Rolton Oval","Adelaide","Hobart Hurricanes","field","SFM Devine","Harry Singh","C Thomas",NA,"John Biddiss",NA,NA,NA,NA,"tie","Adelaide Strikers",NA
"1152773","6","Adelaide Strikers","Hobart Hurricanes","female","2018/19","2019/01/09","Women's Big Bash League","49","Karen Rolton Oval","Adelaide","Adelaide Strikers","bat","TM McGrath","C Thomas","Eloise Sheridan",NA,"John Biddiss","Adelaide Strikers","24",NA,NA,NA,NA,NA
"1152774","6","Brisbane Heat","Melbourne Stars","female","2018/19","2019/01/10","Women's Big Bash League","50","Brisbane Cricket Ground, Woolloongabba","Brisbane","Brisbane Heat","field","SJ Johnson","D Taylor","CA Polosak",NA,"Kepler Wessels","Brisbane Heat",NA,"7",NA,NA,NA,NA
"1152775","6","Adelaide Strikers","Perth Scorchers","female","2018/19","2019/01/12","Women's Big Bash League","51","Traeger Park","Alice Springs","Adelaide Strikers","bat","SFM Devine","Harry Singh","C Thomas",NA,"John Biddiss","Adelaide Strikers","30",NA,NA,NA,NA,NA
"1152776","6","Melbourne Renegades","Hobart Hurricanes","female","2018/19","2019/01/12","Women's Big Bash League","52","Junction Oval","Melbourne","Hobart Hurricanes","field","AE Satterthwaite","D Ireland","Greg Azzopardi",NA,"Damien Herft","Melbourne Renegades","3",NA,NA,NA,NA,NA
"1152777","6","Brisbane Heat","Sydney Thunder","female","2018/19","2019/01/12","Women's Big Bash League","53","Cazaly's Stadium","Cairns","Brisbane Heat","field","BL Mooney","DM Koch","SE Dionysius",NA,"Dave Gilbert","Brisbane Heat",NA,"3",NA,NA,NA,NA
"1152778","6","Perth Scorchers","Adelaide Strikers","female","2018/19","2019/01/13","Women's Big Bash League","54","Traeger Park","Alice Springs","Adelaide Strikers","bat","AE Jones","Harry Singh","C Thomas",NA,"John Biddiss","Perth Scorchers",NA,"10",NA,NA,NA,NA
"1152779","6","Melbourne Renegades","Sydney Sixers","female","2018/19","2019/01/13","Women's Big Bash League","55","Simonds Stadium, South Geelong, Victoria","Geelong","Sydney Sixers","bat","EA Burns","D Brigham","Mattis van Eck",NA,"Kent Hannam","Sydney Sixers","29",NA,NA,NA,NA,NA
"1152780","6","Melbourne Stars","Sydney Sixers","female","2018/19","2019/01/14","Women's Big Bash League","56","Melbourne Cricket Ground","Melbourne","Sydney Sixers","bat","A King","D Brigham","DM Koch",NA,"Damien Herft","Melbourne Stars",NA,"5",NA,NA,NA,NA
"1152781","6","Sydney Thunder","Brisbane Heat","female","2018/19","2019/01/19","Women's Big Bash League",NA,"Drummoyne Oval","Sydney","Sydney Thunder","field","SJ Johnson","DJ Shepard","DR Close","SA Lightbody","PL Marshall","Brisbane Heat","4",NA,NA,NA,NA,NA
"1152782","6","Sydney Sixers","Melbourne Renegades","female","2018/19","2019/01/19","Women's Big Bash League",NA,"Drummoyne Oval","Sydney","Sydney Sixers","bat","EA Perry","CA Polosak","DM Koch","BC Treloar","D Talalla",NA,NA,NA,NA,"tie","Sydney Sixers",NA
"1152783","6","Sydney Sixers","Brisbane Heat","female","2018/19","2019/01/26","Women's Big Bash League",NA,"Drummoyne Oval","Sydney","Sydney Sixers","bat","BL Mooney","DJ Shepard","DM Koch","CA Polosak","D Talalla","Brisbane Heat",NA,"3",NA,NA,NA,NA
"1152735","6","Adelaide Strikers","Melbourne Renegades","female","2018/19","2018/12/09","Women's Big Bash League","11","Eastern Oval","Ballarat","Adelaide Strikers","field",NA,"D Ireland","Greg Azzopardi",NA,"Kent Hannam",NA,NA,NA,NA,"no result",NA,NA
"1152739","6","Hobart Hurricanes","Sydney Sixers","female","2018/19","2018/12/15","Women's Big Bash League","15","Bellerive Oval","Hobart","Sydney Sixers","field","A Gardner","TJ Matibiri","G Beechey",NA,"David Johnston","Sydney Sixers",NA,"7","D/L",NA,NA,NA
"1152725","6","Perth Scorchers","Hobart Hurricanes","female","2018/19","2018/12/01","Women's Big Bash League","1","Junction Oval","Melbourne","Perth Scorchers","field","EJ Villani","D Brigham","DR Close","DJ Shepard","Kent Hannam","Perth Scorchers",NA,"6",NA,NA,NA,NA
"1152726","6","Sydney Sixers","Melbourne Stars","female","2018/19","2018/12/01","Women's Big Bash League","2","Junction Oval","Melbourne","Sydney Sixers","bat","L Lee","Mattis van Eck","MW Graham-Smith","BC Treloar","Damien Herft","Melbourne Stars",NA,"7",NA,NA,NA,NA
"1152729","6","Sydney Sixers","Perth Scorchers","female","2018/19","2018/12/07","Women's Big Bash League","5","North Sydney Oval","Sydney","Perth Scorchers","bat","EA Perry","SA Lightbody","Marc Nickl","BC Treloar","Neil Findlay","Sydney Sixers",NA,"6",NA,NA,NA,NA
"1152727","6","Adelaide Strikers","Brisbane Heat","female","2018/19","2018/12/02","Women's Big Bash League","3","Junction Oval","Melbourne","Brisbane Heat","field","SFM Devine","D Ireland","BC Treloar","MW Graham-Smith","Kent Hannam","Adelaide Strikers","36",NA,NA,NA,NA,NA
"1152728","6","Melbourne Renegades","Sydney Thunder","female","2018/19","2018/12/02","Women's Big Bash League","4","Junction Oval","Melbourne","Sydney Thunder","field","RM Farrell","Greg Azzopardi","DJ Shepard","DR Close","Damien Herft","Sydney Thunder",NA,"6",NA,NA,NA,NA
"1152730","6","Hobart Hurricanes","Melbourne Stars","female","2018/19","2018/12/08","Women's Big Bash League","6","West Park Oval","Burnie","Melbourne Stars","field","EA Osborne","DR Close","TJ Matibiri",NA,"Kepler Wessels","Melbourne Stars",NA,"5",NA,NA,NA,NA
"1152731","6","Melbourne Renegades","Adelaide Strikers","female","2018/19","2018/12/08","Women's Big Bash League","7","Junction Oval","Melbourne","Adelaide Strikers","bat","DN Wyatt","D Brigham","Mattis van Eck",NA,"Kent Hannam","Melbourne Renegades",NA,"6",NA,NA,NA,NA
"1152732","6","Brisbane Heat","Perth Scorchers","female","2018/19","2018/12/08","Women's Big Bash League","8","North Sydney Oval","Sydney","Brisbane Heat","field","SJ Johnson","AR Hamilton","BC Treloar","SA Lightbody","Tim Donahoo","Brisbane Heat",NA,"7",NA,NA,NA,NA
"1152733","6","Sydney Sixers","Sydney Thunder","female","2018/19","2018/12/08","Women's Big Bash League","9","North Sydney Oval","Sydney","Sydney Sixers","bat","EA Perry","Marc Nickl","DM Koch","DJ Shepard","Ian Thomas","Sydney Sixers","36",NA,NA,NA,NA,NA
"1152734","6","Hobart Hurricanes","Melbourne Stars","female","2018/19","2018/12/09","Women's Big Bash League","10","West Park Oval","Burnie","Hobart Hurricanes","bat","S Mandhana","DR Close","TJ Matibiri",NA,"Kepler Wessels","Hobart Hurricanes","72",NA,NA,NA,NA,NA
"1152736","6","Sydney Thunder","Brisbane Heat","female","2018/19","2018/12/09","Women's Big Bash League","12","North Sydney Oval","Sydney","Sydney Thunder","bat","H Kaur","DJ Shepard","Marc Nickl",NA,"DM Koch","Sydney Thunder","28",NA,NA,NA,NA,NA
"1152737","6","Melbourne Stars","Perth Scorchers","female","2018/19","2018/12/15","Women's Big Bash League","13","Casey Fields No. 4","Melbourne","Perth Scorchers","field","H Graham","D Ireland","Mattis van Eck",NA,"Damien Herft","Perth Scorchers",NA,"8",NA,NA,NA,NA
"1152738","6","Adelaide Strikers","Sydney Thunder","female","2018/19","2018/12/15","Women's Big Bash League","14","Bellerive Oval","Hobart","Sydney Thunder","field","SW Bates","DR Close","MW Graham-Smith",NA,"Ian Thomas","Sydney Thunder",NA,"6",NA,NA,NA,NA
"1152740","6","Melbourne Stars","Perth Scorchers","female","2018/19","2018/12/16","Women's Big Bash League","16","Casey Fields No. 4","Melbourne","Melbourne Stars","field","KM Mack","D Ireland","Mattis van Eck",NA,"Damien Herft","Melbourne Stars",NA,"4",NA,NA,NA,NA
"1152741","6","Sydney Thunder","Adelaide Strikers","female","2018/19","2018/12/16","Women's Big Bash League","17","Bellerive Oval","Hobart","Sydney Thunder","field","SR Taylor","W Stewart","H Wolff",NA,"Ian Thomas","Sydney Thunder",NA,"5",NA,NA,NA,NA
"1152742","6","Sydney Sixers","Hobart Hurricanes","female","2018/19","2018/12/16","Women's Big Bash League","18","Bellerive Oval","Hobart","Hobart Hurricanes","field","EA Perry","M Qureshi","BC Treloar",NA,"David Johnston","Sydney Sixers","17",NA,NA,NA,NA,NA
"1152743","6","Melbourne Renegades","Brisbane Heat","female","2018/19","2018/12/16","Women's Big Bash League","19","Geelong Cricket Ground","Geelong","Brisbane Heat","bat","M Strano","Greg Azzopardi","D Brigham",NA,"Kent Hannam","Brisbane Heat","21",NA,NA,NA,NA,NA
"1152744","6","Hobart Hurricanes","Perth Scorchers","female","2018/19","2018/12/18","Women's Big Bash League","20","Bellerive Oval","Hobart","Hobart Hurricanes","bat","H Graham","M Qureshi","TJ Matibiri",NA,"David Johnston",NA,NA,NA,NA,"tie","Perth Scorchers",NA
"1152745","6","Brisbane Heat","Melbourne Stars","female","2018/19","2018/12/19","Women's Big Bash League","21","Brisbane Cricket Ground, Woolloongabba","Brisbane","Melbourne Stars","bat","GM Harris","Steven Farrell","SE Dionysius",NA,"Kepler Wessels","Brisbane Heat",NA,"10",NA,NA,NA,NA
"1152746","6","Sydney Thunder","Hobart Hurricanes","female","2018/19","2018/12/21","Women's Big Bash League","22","Manuka Oval","Canberra","Sydney Thunder","field","SR Taylor","DR Close","Andrew Crozier",NA,"BC Treloar","Sydney Thunder",NA,"6",NA,NA,NA,NA
"1152747","6","Melbourne Stars","Adelaide Strikers","female","2018/19","2018/12/21","Women's Big Bash League","23","Karen Rolton Oval","Adelaide","Melbourne Stars","field","EA Osborne","Harry Singh","Eloise Sheridan",NA,"John Biddiss","Melbourne Stars",NA,"4",NA,NA,NA,NA
"1152748","6","Sydney Sixers","Brisbane Heat","female","2018/19","2018/12/22","Women's Big Bash League","24","Sydney Cricket Ground","Sydney","Sydney Sixers","bat","EA Perry","AR Hamilton","Berend du Plessis",NA,"Tim Donahoo","Sydney Sixers","11",NA,NA,NA,NA,NA
"1152749","6","Perth Scorchers","Melbourne Renegades","female","2018/19","2018/12/22","Women's Big Bash League","25","W.A.C.A. Ground","Perth","Melbourne Renegades","field","H Graham","J Paterson","J Hewitt",NA,"Terry Prue","Melbourne Renegades",NA,"4",NA,NA,NA,NA
"1152750","6","Adelaide Strikers","Melbourne Stars","female","2018/19","2018/12/23","Women's Big Bash League","26","Adelaide Oval","Adelaide","Melbourne Stars","field","SFM Devine","CA Polosak","Eloise Sheridan",NA,"John Biddiss","Adelaide Strikers","19",NA,NA,NA,NA,NA
"1152751","6","Sydney Sixers","Brisbane Heat","female","2018/19","2018/12/23","Women's Big Bash League","27","Hurstville Oval","Sydney","Brisbane Heat","bat","SJ Johnson","Roberto Howard","Berend du Plessis",NA,"Neil Findlay","Brisbane Heat","66",NA,NA,NA,NA,NA
"1152752","6","Perth Scorchers","Melbourne Renegades","female","2018/19","2018/12/23","Women's Big Bash League","28","W.A.C.A. Ground","Perth","Melbourne Renegades","field","MM Lanning","Dean Trigg","Ashlee Gibbons",NA,"Terry Prue","Perth Scorchers","15",NA,NA,NA,NA,NA
"1152753","6","Sydney Thunder","Hobart Hurricanes","female","2018/19","2018/12/24","Women's Big Bash League","29","Sydney Showground Stadium","Sydney","Sydney Thunder","field","RL Haynes","Ryan Nelson","AR Hamilton",NA,"Tim Donahoo","Sydney Thunder",NA,"6",NA,NA,NA,NA
"1118488","6","Melbourne Stars","Perth Scorchers","female","2017/18","2017/12/26","Women's Big Bash League","17","W.A.C.A. Ground","Perth","Perth Scorchers","field","NE Bolton","John Taylor","A Kovalevs",NA,"Ian Thomas","Perth Scorchers",NA,"9",NA,NA,NA,NA
"1118489","6","Melbourne Stars","Perth Scorchers","female","2017/18","2017/12/27","Women's Big Bash League","18","W.A.C.A. Ground","Perth","Melbourne Stars","bat","EJ Villani","John Taylor","J Hewitt",NA,"Ian Thomas","Melbourne Stars","12",NA,NA,NA,NA,NA
"1118490","6","Adelaide Strikers","Brisbane Heat","female","2017/18","2017/12/29","Women's Big Bash League","19","Adelaide Oval",NA,"Brisbane Heat","field","BL Mooney","Steven Farrell","L Uthenwoldt",NA,"John Biddiss","Brisbane Heat",NA,"9",NA,NA,NA,NA
"1118491","6","Sydney Sixers","Perth Scorchers","female","2017/18","2017/12/30","Women's Big Bash League","20","Lilac Hill Park","Perth","Sydney Sixers","bat","NE Bolton","John Taylor","T Steenholdt",NA,"Ian Thomas","Perth Scorchers",NA,"6",NA,NA,NA,NA
"1118493","6","Hobart Hurricanes","Sydney Thunder","female","2017/18","2017/12/31","Women's Big Bash League","22","Aurora Stadium","Launceston","Hobart Hurricanes","bat","SL Bates","M Qureshi","DR Close",NA,"David Johnston","Sydney Thunder",NA,"8",NA,NA,NA,NA
"1118494","6","Adelaide Strikers","Brisbane Heat","female","2017/18","2017/12/31","Women's Big Bash League","23","Adelaide Oval",NA,"Brisbane Heat","field","BL Mooney","NR Johnstone","C Thomas",NA,"John Biddiss","Brisbane Heat",NA,"8",NA,NA,NA,NA
"1118495","6","Sydney Sixers","Melbourne Renegades","female","2017/18","2018/01/02","Women's Big Bash League","24","Camberwell Sports Ground","Melbourne","Melbourne Renegades","field","EA Perry","D Ireland","D Brigham",NA,"Damien Herft","Sydney Sixers","36",NA,NA,NA,NA,NA
"1118497","6","Adelaide Strikers","Melbourne Stars","female","2017/18","2018/01/05","Women's Big Bash League","26","Casey Fields No. 4","Melbourne","Melbourne Stars","field","A Price","D Ireland","S Brne",NA,"Damien Herft","Adelaide Strikers","22",NA,NA,NA,NA,NA
"1118498","6","Melbourne Renegades","Melbourne Stars","female","2017/18","2018/01/06","Women's Big Bash League","27","Melbourne Cricket Ground",NA,"Melbourne Renegades","bat","GA Elwiss","D Ireland","D Brigham",NA,"Kent Hannam","Melbourne Stars",NA,"7",NA,NA,NA,NA
"1118499","6","Hobart Hurricanes","Brisbane Heat","female","2017/18","2018/01/07","Women's Big Bash League","28","Bellerive Oval","Hobart","Brisbane Heat","field","BL Mooney","M Qureshi","DR Close",NA,"JM Mitchell","Brisbane Heat",NA,"8",NA,NA,NA,NA
"1118501","6","Brisbane Heat","Hobart Hurricanes","female","2017/18","2018/01/08","Women's Big Bash League","30","Bellerive Oval","Hobart","Hobart Hurricanes","field","KL Short","W Stewart","DR Close",NA,"David Johnston","Brisbane Heat","42",NA,NA,NA,NA,NA
"1118502","6","Sydney Thunder","Perth Scorchers","female","2017/18","2018/01/08","Women's Big Bash League","31","W.A.C.A. Ground","Perth","Perth Scorchers","field","AJ Blackwell","A Kovalevs","J Hewitt",NA,"Ian Thomas","Perth Scorchers",NA,"8",NA,NA,NA,NA
"1118503","6","Melbourne Stars","Adelaide Strikers","female","2017/18","2018/01/09","Women's Big Bash League","32","Adelaide Oval",NA,"Melbourne Stars","bat","T Saville","DJ Shepard","C Thomas",NA,"John Biddiss","Adelaide Strikers",NA,"1",NA,NA,NA,NA
"1118504","6","Melbourne Stars","Brisbane Heat","female","2017/18","2018/01/12","Women's Big Bash League","33","Harrup Park","Mackay","Melbourne Stars","bat","BL Mooney","D Taylor","SE Dionysius",NA,"Kent Hannam","Brisbane Heat",NA,"5",NA,NA,NA,NA
"1118505","6","Perth Scorchers","Adelaide Strikers","female","2017/18","2018/01/13","Women's Big Bash League","34","Traeger Park","Alice Springs","Adelaide Strikers","field","TM McGrath","C Thomas","DR Close",NA,"Damien Herft","Adelaide Strikers",NA,"6",NA,NA,NA,NA
"1118506","6","Sydney Sixers","Sydney Thunder","female","2017/18","2018/01/13","Women's Big Bash League","35","Sydney Cricket Ground",NA,"Sydney Sixers","bat","NE Stalenberg","Anthony Hobson","G Stubbings",NA,"Ian Thomas","Sydney Thunder",NA,"4",NA,NA,NA,NA
"1118507","6","Brisbane Heat","Melbourne Stars","female","2017/18","2018/01/13","Women's Big Bash League","36","Harrup Park","Mackay","Brisbane Heat","bat","EA Osborne","D Taylor","SE Dionysius",NA,"Kent Hannam","Melbourne Stars",NA,"6",NA,NA,NA,NA
"1118509","6","Adelaide Strikers","Perth Scorchers","female","2017/18","2018/01/14","Women's Big Bash League","38","Traeger Park","Alice Springs","Perth Scorchers","field","SW Bates","C Thomas","BC Treloar",NA,"Damien Herft","Adelaide Strikers","31",NA,NA,NA,NA,NA
"1118510","6","Hobart Hurricanes","Melbourne Renegades","female","2017/18","2018/01/15","Women's Big Bash League","39","Bellerive Oval","Hobart","Melbourne Renegades","field","B Hepburn","DR Close","G Beechey",NA,"David Johnston","Hobart Hurricanes","4",NA,NA,NA,NA,NA
"1118512","6","Sydney Sixers","Brisbane Heat","female","2017/18","2018/01/19","Women's Big Bash League","41","Hurstville Oval","Sydney","Sydney Sixers","bat","EA Burns","Troy Penman","Anthony Hobson",NA,"Tim Donahoo","Sydney Sixers","18",NA,NA,NA,NA,NA
"1118516","6","Hobart Hurricanes","Perth Scorchers","female","2017/18","2018/01/21","Women's Big Bash League","45","Lilac Hill Park","Perth","Perth Scorchers","field","NE Bolton","J Paterson","J Hewitt",NA,"Terry Prue","Perth Scorchers",NA,"6",NA,NA,NA,NA
"1118517","6","Melbourne Stars","Sydney Sixers","female","2017/18","2018/01/21","Women's Big Bash League","46","Casey Fields No. 4","Melbourne","Melbourne Stars","bat","EA Perry","D Ireland","S Brne",NA,"Damien Herft","Sydney Sixers",NA,"5",NA,NA,NA,NA
"1118519","6","Melbourne Renegades","Sydney Thunder","female","2017/18","2018/01/24","Women's Big Bash League","48","Manuka Oval","Canberra","Sydney Thunder","field","NJ Carey","Dinusha Bandara","Andrew Crozier",NA,"Ian Thomas","Sydney Thunder",NA,"4",NA,NA,NA,NA
"1118520","6","Hobart Hurricanes","Melbourne Stars","female","2017/18","2018/01/27","Women's Big Bash League","49","Melbourne Cricket Ground",NA,"Melbourne Stars","field","KM Mack","D Brigham","DR Close",NA,"Kent Hannam","Melbourne Stars",NA,"7",NA,NA,NA,NA
"1118521","6","Adelaide Strikers","Sydney Sixers","female","2017/18","2018/01/27","Women's Big Bash League","50","Hurstville Oval","Sydney","Adelaide Strikers","bat","AJ Healy","Troy Penman","Anthony Hobson",NA,"Tim Donahoo","Sydney Sixers",NA,"7",NA,NA,NA,NA
"1118522","6","Perth Scorchers","Melbourne Renegades","female","2017/18","2018/01/27","Women's Big Bash League","51","Camberwell Sports Ground","Melbourne","Melbourne Renegades","field","S Molineux","D Ireland","Andrew Crozier",NA,"Damien Herft","Melbourne Renegades",NA,"4",NA,NA,NA,NA
"1118523","6","Sydney Thunder","Brisbane Heat","female","2017/18","2018/01/27","Women's Big Bash League","52","Brisbane Cricket Ground, Woolloongabba","Brisbane","Sydney Thunder","bat","GM Harris","MS Branch","SE Dionysius",NA,"Neil Findlay","Brisbane Heat",NA,"6",NA,NA,NA,NA
"1118524","6","Hobart Hurricanes","Melbourne Stars","female","2017/18","2018/01/28","Women's Big Bash League","53","Melbourne Cricket Ground",NA,"Melbourne Stars","field","HK Matthews","D Ireland","S Brne",NA,"Kent Hannam","Hobart Hurricanes","2",NA,NA,NA,NA,NA
"1118525","6","Melbourne Renegades","Perth Scorchers","female","2017/18","2018/01/28","Women's Big Bash League","54","Camberwell Sports Ground","Melbourne","Perth Scorchers","field","KH Brunt","D Brigham","Andrew Crozier",NA,"Damien Herft","Perth Scorchers",NA,"4",NA,NA,NA,NA
"1118526","6","Adelaide Strikers","Sydney Sixers","female","2017/18","2018/01/28","Women's Big Bash League","55","Hurstville Oval","Sydney","Adelaide Strikers","bat","SJ Coyte","Troy Penman","G Stubbings",NA,"Ian Thomas","Sydney Sixers",NA,"7",NA,NA,NA,NA
"1118527","6","Sydney Thunder","Brisbane Heat","female","2017/18","2018/01/28","Women's Big Bash League","56","Allan Border Field","Brisbane","Brisbane Heat","field","B Vakarewa","Steven Farrell","MS Branch",NA,"Neil Findlay","Sydney Thunder","2",NA,NA,NA,NA,NA
"1118528","6","Perth Scorchers","Sydney Thunder","female","2017/18","2018/02/01","Women's Big Bash League",NA,"Perth Stadium",NA,"Sydney Thunder","field","NE Bolton","GC Joshua","AK Wilds","SA Lightbody","RL Parry","Perth Scorchers","27",NA,NA,NA,NA,NA
"1118529","6","Sydney Sixers","Adelaide Strikers","female","2017/18","2018/02/02","Women's Big Bash League",NA,"Adelaide Oval",NA,"Sydney Sixers","bat","SE Aley","JD Ward","MW Graham-Smith","CA Polosak","D Talalla","Sydney Sixers","17",NA,NA,NA,NA,NA
"1118530","6","Perth Scorchers","Sydney Sixers","female","2017/18","2018/02/04","Women's Big Bash League",NA,"Adelaide Oval",NA,"Perth Scorchers","bat","SJ Coyte","GJ Davidson","JD Ward","MW Graham-Smith","DJ Harper","Sydney Sixers",NA,"9",NA,NA,NA,NA
"1118472","6","Sydney Thunder","Melbourne Renegades","female","2017/18","2017/12/09","Women's Big Bash League","1","North Sydney Oval","Sydney","Melbourne Renegades","field",NA,"DJ Shepard","Ryan Nelson",NA,"Ian Thomas","Sydney Thunder","11",NA,NA,NA,NA,NA
"1118473","6","Adelaide Strikers","Hobart Hurricanes","female","2017/18","2017/12/09","Women's Big Bash League","2","Gliderol Stadium","Adelaide","Hobart Hurricanes","field","SFM Devine","Steven Farrell","L Uthenwoldt",NA,"John Biddiss","Adelaide Strikers","45",NA,NA,NA,NA,NA
"1118474","6","Sydney Sixers","Melbourne Stars","female","2017/18","2017/12/09","Women's Big Bash League","3","North Sydney Oval","Sydney","Melbourne Stars","field","A Gardner","BC Treloar","Marc Nickl",NA,"Tim Donahoo","Sydney Sixers","86",NA,NA,NA,NA,NA
"1118475","6","Perth Scorchers","Brisbane Heat","female","2017/18","2017/12/10","Women's Big Bash League","4","North Sydney Oval","Sydney","Perth Scorchers","bat","NR Sciver","DJ Shepard","Ryan Nelson",NA,"Tim Donahoo","Perth Scorchers","18",NA,NA,NA,NA,NA
"1118477","6","Sydney Thunder","Sydney Sixers","female","2017/18","2017/12/10","Women's Big Bash League","6","North Sydney Oval","Sydney","Sydney Thunder","bat","AJ Healy","BC Treloar","Marc Nickl",NA,"Ian Thomas","Sydney Sixers",NA,"6",NA,NA,NA,NA
"1118478","6","Sydney Sixers","Perth Scorchers","female","2017/18","2017/12/12","Women's Big Bash League","7","North Dalton Park","Wollongong","Perth Scorchers","field","EJ Villani","Ryan Nelson","Marc Nickl",NA,"Neil Findlay","Perth Scorchers",NA,"9",NA,NA,NA,NA
"1118479","6","Melbourne Stars","Sydney Thunder","female","2017/18","2017/12/12","Women's Big Bash League","8","Lavington Sports Oval","Albury","Sydney Thunder","field","RL Haynes","Dinusha Bandara (2)","Andrew Crozier",NA,"Kent Hannam","Sydney Thunder",NA,"8",NA,NA,NA,NA
"1118480","6","Perth Scorchers","Brisbane Heat","female","2017/18","2017/12/15","Women's Big Bash League","9","Allan Border Field","Brisbane","Perth Scorchers","bat","DJS Dottin","Steven Farrell","MS Branch",NA,"Neil Findlay","Brisbane Heat",NA,"6",NA,NA,NA,NA
"1118482","6","Adelaide Strikers","Melbourne Renegades","female","2017/18","2017/12/16","Women's Big Bash League","11","Gliderol Stadium","Adelaide","Melbourne Renegades","field","TM McGrath","C Thomas","L Uthenwoldt",NA,"John Biddiss","Adelaide Strikers","1",NA,NA,NA,NA,NA
"1118483","6","Sydney Sixers","Hobart Hurricanes","female","2017/18","2017/12/17","Women's Big Bash League","12","Bellerive Oval","Hobart","Sydney Sixers","bat","D van Niekerk","M Qureshi","H Wolff",NA,"JM Mitchell","Sydney Sixers","33",NA,NA,NA,NA,NA
"1118484","6","Melbourne Renegades","Adelaide Strikers","female","2017/18","2017/12/17","Women's Big Bash League","13","Gliderol Stadium","Adelaide","Melbourne Renegades","bat","AE Satterthwaite","C Thomas","L Uthenwoldt",NA,"John Biddiss","Melbourne Renegades","9",NA,NA,NA,NA,NA
"1118485","6","Melbourne Renegades","Brisbane Heat","female","2017/18","2017/12/22","Women's Big Bash League","14","Camberwell Sports Ground","Melbourne","Brisbane Heat","field","AE Satterthwaite","D Ireland","D Brigham",NA,"Damien Herft","Melbourne Renegades","8",NA,NA,NA,NA,NA
"1118487","6","Brisbane Heat","Melbourne Renegades","female","2017/18","2017/12/23","Women's Big Bash League","16","Docklands Stadium","Melbourne","Brisbane Heat","bat","S Molineux","D Ireland","D Brigham",NA,"Kent Hannam","Melbourne Renegades",NA,"10",NA,NA,NA,NA
"1023687","6","Melbourne Stars","Brisbane Heat","female","2016/17","2016/12/26","Women's Big Bash League","18","Allan Border Field","Brisbane","Brisbane Heat","field","MM Lanning","MS Branch","Steven Farrell",NA,"RA Dunbar","Melbourne Stars","54",NA,NA,NA,NA,NA
"1023693","6","Brisbane Heat","Melbourne Stars","female","2016/17","2016/12/27","Women's Big Bash League","21","Allan Border Field","Brisbane","Brisbane Heat","bat","BL Mooney","DM Koch","SE Dionysius",NA,"RA Dunbar","Brisbane Heat","5",NA,NA,NA,NA,NA
"1023697","6","Sydney Sixers","Sydney Thunder","female","2016/17","2016/12/28","Women's Big Bash League","23","Sydney Showground Stadium",NA,"Sydney Thunder","field","AJ Healy","Troy Penman","Marc Nickl",NA,"Ian Thomas","Sydney Sixers","33",NA,NA,NA,NA,NA
"1023701","6","Hobart Hurricanes","Sydney Sixers","female","2016/17","2016/12/29","Women's Big Bash League","25","Hurstville Oval","Sydney","Hobart Hurricanes","bat","SE Aley","Troy Penman","Anthony Hobson",NA,"GE Reed","Sydney Sixers",NA,"7",NA,NA,NA,NA
"1023703","6","Adelaide Strikers","Perth Scorchers","female","2016/17","2016/12/31","Women's Big Bash League","26","Adelaide Oval",NA,"Adelaide Strikers","bat","KH Brunt","SA Lightbody","L Uthenwoldt","DB Mealey","KD Perrin","Perth Scorchers",NA,"6",NA,NA,NA,NA
"1023705","6","Melbourne Stars","Melbourne Renegades","female","2016/17","2017/01/01","Women's Big Bash League","27","Melbourne Cricket Ground",NA,"Melbourne Stars","bat","RH Priest","DJ Shepard","S Brne","AK Wilds","Kent Hannam","Melbourne Renegades",NA,"9","D/L",NA,NA,NA
"1023707","6","Sydney Sixers","Adelaide Strikers","female","2016/17","2017/01/02","Women's Big Bash League","28","Adelaide Oval",NA,"Sydney Sixers","bat","AJ Healy","C Thomas","L Uthenwoldt",NA,"KD Perrin","Sydney Sixers","19",NA,NA,NA,NA,NA
"1023709","6","Sydney Thunder","Brisbane Heat","female","2016/17","2017/01/02","Women's Big Bash League","29","Blacktown International Sportspark","Sydney","Brisbane Heat","field","SL Bates","Troy Penman","Marc Nickl",NA,"Ian Thomas","Sydney Thunder","3",NA,NA,NA,NA,NA
"1023711","6","Adelaide Strikers","Sydney Sixers","female","2016/17","2017/01/03","Women's Big Bash League","30","Adelaide Oval",NA,"Adelaide Strikers","bat","EA Perry","C Kemp","C Thomas",NA,"KD Perrin","Sydney Sixers",NA,"4",NA,NA,NA,NA
"1023715","6","Perth Scorchers","Melbourne Renegades","female","2016/17","2017/01/04","Women's Big Bash League","32","Camberwell Sports Ground","Melbourne","Perth Scorchers","bat","GM Harris","D Brigham","S Brne",NA,"RG Patterson","Melbourne Renegades",NA,"5",NA,NA,NA,NA
"1064695","6","Hobart Hurricanes","Sydney Thunder","female","2016/17","2017/01/05","Women's Big Bash League","34","Aurora Stadium","Launceston","Hobart Hurricanes","bat","HC Knight","M Qureshi","DR Close",NA,"Roy Loh","Hobart Hurricanes","44",NA,NA,NA,NA,NA
"1064696","6","Melbourne Stars","Melbourne Renegades","female","2016/17","2017/01/07","Women's Big Bash League","35","Docklands Stadium","Melbourne","Melbourne Renegades","field","DN Wyatt","D Ireland","S Brne",NA,"Kent Hannam","Melbourne Renegades",NA,"5",NA,NA,NA,NA
"1064697","6","Adelaide Strikers","Melbourne Stars","female","2016/17","2017/01/10","Women's Big Bash League","40","Melbourne Cricket Ground",NA,"Melbourne Stars","field","KM Beams","D Brigham","S Brne",NA,"RG Patterson","Melbourne Stars",NA,"6",NA,NA,NA,NA
"1064698","6","Brisbane Heat","Hobart Hurricanes","female","2016/17","2017/01/08","Women's Big Bash League","36","Bellerive Oval","Hobart","Brisbane Heat","bat","BL Mooney","DR Close","SA Lightbody","DJ Shepard","Roy Loh","Brisbane Heat","15",NA,NA,NA,NA,NA
"1064700","6","Brisbane Heat","Hobart Hurricanes","female","2016/17","2017/01/09","Women's Big Bash League","39","Bellerive Oval","Hobart","Brisbane Heat","bat","HK Matthews","M Qureshi","DR Close",NA,"Roy Loh","Hobart Hurricanes",NA,"8",NA,NA,NA,NA
"1064701","6","Perth Scorchers","Sydney Sixers","female","2016/17","2017/01/09","Women's Big Bash League","38","Sydney Cricket Ground",NA,"Perth Scorchers","bat","AJ Healy","G Stubbings","BC Treloar",NA,"Ian Thomas","Sydney Sixers",NA,"4",NA,NA,NA,NA
"1064702","6","Melbourne Stars","Adelaide Strikers","female","2016/17","2017/01/13","Women's Big Bash League","41","Lilac Hill Park","Perth","Adelaide Strikers","field","KM Beams","A Kovalevs","TR Rann",NA,"Terry Prue","Melbourne Stars","37",NA,NA,NA,NA,NA
"1064703","6","Sydney Sixers","Hobart Hurricanes","female","2016/17","2017/01/13","Women's Big Bash League","42","North Sydney Oval","Sydney","Hobart Hurricanes","field","EA Perry","G Stubbings","BC Treloar",NA,"Ian Thomas","Sydney Sixers","16",NA,NA,NA,NA,NA
"1064704","6","Adelaide Strikers","Perth Scorchers","female","2016/17","2017/01/14","Women's Big Bash League","43","W.A.C.A. Ground","Perth","Perth Scorchers","field","H Graham","NR Johnstone","T Steenholdt",NA,"Terry Prue","Perth Scorchers",NA,"7",NA,NA,NA,NA
"1064705","6","Melbourne Renegades","Brisbane Heat","female","2016/17","2017/01/14","Women's Big Bash League","44","Allan Border Field","Brisbane","Brisbane Heat","field","JL Barsby","Steven Farrell","MS Branch",NA,"RA Dunbar","Brisbane Heat",NA,"5",NA,NA,NA,NA
"1064706","6","Sydney Sixers","Sydney Thunder","female","2016/17","2017/01/14","Women's Big Bash League","45","Sydney Cricket Ground",NA,"Sydney Sixers","bat","SR Taylor","CA Polosak","AK Wilds","SA Lightbody","Ian Thomas",NA,NA,NA,NA,"tie","Sydney Thunder",NA
"1064707","6","Perth Scorchers","Melbourne Stars","female","2016/17","2017/01/15","Women's Big Bash League","46","Lilac Hill Park","Perth","Melbourne Stars","field","KH Brunt","NR Johnstone","Hennie Botes",NA,"MP Hall","Perth Scorchers","33",NA,NA,NA,NA,NA
"1064709","6","Sydney Thunder","Hobart Hurricanes","female","2016/17","2017/01/16","Women's Big Bash League","48","Bellerive Oval","Hobart","Sydney Thunder","bat","AE Satterthwaite","M Qureshi","H Wolff",NA,"Roy Loh","Hobart Hurricanes",NA,"6",NA,NA,NA,NA
"1064710","6","Adelaide Strikers","Brisbane Heat","female","2016/17","2017/01/20","Women's Big Bash League","49","Brisbane Cricket Ground, Woolloongabba","Brisbane","Brisbane Heat","field","BL Mooney","MS Branch","SE Dionysius",NA,"RA Dunbar","Brisbane Heat",NA,"9",NA,NA,NA,NA
"1064711","6","Perth Scorchers","Sydney Thunder","female","2016/17","2017/01/20","Women's Big Bash League","50","Lilac Hill Park","Perth","Sydney Thunder","field","EJ Villani","J Hewitt","TR Rann",NA,"Terry Prue","Perth Scorchers","4",NA,NA,NA,NA,NA
"1064712","6","Sydney Sixers","Melbourne Renegades","female","2016/17","2017/01/20","Women's Big Bash League","51","North Sydney Oval","Sydney","Melbourne Renegades","field","M Brown","Anthony Hobson","BC Treloar",NA,"Ian Thomas","Melbourne Renegades",NA,"6",NA,NA,NA,NA
"1064713","6","Hobart Hurricanes","Melbourne Stars","female","2016/17","2017/01/20","Women's Big Bash League","52","Bellerive Oval","Hobart","Melbourne Stars","field","EJ Inglis","H Wolff","DR Close",NA,"Roy Loh","Melbourne Stars",NA,"4","D/L",NA,NA,NA
"1064716","6","Sydney Sixers","Melbourne Renegades","female","2016/17","2017/01/21","Women's Big Bash League","55","North Sydney Oval","Sydney","Melbourne Renegades","field","AJ Healy","Anthony Hobson","BC Treloar",NA,"Ian Thomas","Sydney Sixers","35",NA,NA,NA,NA,NA
"1064717","6","Melbourne Stars","Hobart Hurricanes","female","2016/17","2017/01/21","Women's Big Bash League","56","Bellerive Oval","Hobart","Melbourne Stars","bat","MM Lanning","DJ Shepard","M Qureshi","DM Koch","Roy Loh","Hobart Hurricanes",NA,"4",NA,NA,NA,NA
"1064718","6","Brisbane Heat","Perth Scorchers","female","2016/17","2017/01/24","Women's Big Bash League",NA,"W.A.C.A. Ground","Perth","Perth Scorchers","field","EL King","DB Mealey","MW Graham-Smith","JD Ward","PL Marshall","Perth Scorchers",NA,"9",NA,NA,NA,NA
"1064719","6","Sydney Sixers","Hobart Hurricanes","female","2016/17","2017/01/25","Women's Big Bash League",NA,"Brisbane Cricket Ground, Woolloongabba","Brisbane","Sydney Sixers","bat","AJ Healy","PJ Gillespie","AK Wilds","DM Koch","SR Bernard","Sydney Sixers","103",NA,NA,NA,NA,NA
"1064720","6","Sydney Sixers","Perth Scorchers","female","2016/17","2017/01/28","Women's Big Bash League",NA,"W.A.C.A. Ground","Perth","Perth Scorchers","field","SE Aley","GJ Davidson","SAJ Craig","JD Ward","SR Bernard","Sydney Sixers","7",NA,NA,NA,NA,NA
"1023655","6","Adelaide Strikers","Melbourne Renegades","female","2016/17","2016/12/10","Women's Big Bash League","2","North Sydney Oval","Sydney","Melbourne Renegades","field","SFM Devine","CA Polosak","SA Lightbody","AK Wilds","WD Hendricks","Adelaide Strikers","14",NA,NA,NA,NA,NA
"1023659","6","Adelaide Strikers","Melbourne Renegades","female","2016/17","2016/12/11","Women's Big Bash League","4","North Sydney Oval No.2","Sydney","Adelaide Strikers","bat","S Molineux","G Stubbings","Marc Nickl",NA,"GE Reed","Melbourne Renegades",NA,"7",NA,NA,NA,NA
"1023667","6","Melbourne Stars","Sydney Thunder","female","2016/17","2016/12/13","Women's Big Bash League","8","Lavington Sports Oval","Albury","Melbourne Stars","bat","H Kaur","Kumar Jeyakkumar","D Young",NA,"Terry Keel","Sydney Thunder",NA,"8",NA,NA,NA,NA
"1023671","6","Hobart Hurricanes","Melbourne Renegades","female","2016/17","2016/12/17","Women's Big Bash League","10","Queen Elizabeth II Oval","Bendigo","Melbourne Renegades","field","AE Satterthwaite","D Brigham","S Brne",NA,"RG Patterson","Hobart Hurricanes","3",NA,NA,NA,NA,NA
"1023675","6","Sydney Thunder","Adelaide Strikers","female","2016/17","2016/12/17","Women's Big Bash League","12","Howell Oval","Sydney","Sydney Thunder","bat","SFM Devine","Troy Penman","CA Polosak",NA,"GE Reed","Adelaide Strikers",NA,"6",NA,NA,NA,NA
"1023681","6","Sydney Sixers","Melbourne Stars","female","2016/17","2016/12/18","Women's Big Bash League","15","Casey Fields No. 4","Melbourne","Melbourne Stars","field","D Hazell","D Ireland","DJ Shepard",NA,"Kent Hannam","Melbourne Stars",NA,"7",NA,NA,NA,NA
"896487","6","Melbourne Stars","Perth Scorchers","female","2015/16","2015/12/27","Women's Big Bash League","27","W.A.C.A. Ground","Perth","Perth Scorchers","field","EJ Villani","J Hewitt","Hennie Botes",NA,"Terry Prue","Perth Scorchers",NA,"8",NA,NA,NA,NA
"896493","6","Adelaide Strikers","Perth Scorchers","female","2015/16","2015/12/31","Women's Big Bash League","30","Adelaide Oval",NA,"Adelaide Strikers","bat","ML Schutt","L Uthenwoldt","AK Wilds","DB Mealey","SJ Davis","Adelaide Strikers","35",NA,NA,NA,NA,NA
"896545","6","Melbourne Renegades","Perth Scorchers","female","2015/16","2016/01/17","Women's Big Bash League","56","Adelaide Oval No. 2",NA,"Perth Scorchers","field","CM Edwards","C Thomas","L Uthenwoldt",NA,"KD Perrin","Perth Scorchers",NA,"9",NA,NA,NA,NA
"1023673","6","Sydney Sixers","Melbourne Stars","female","2016/17","2016/12/17","Women's Big Bash League","11","Casey Fields No. 4","Melbourne","Sydney Sixers","bat","MM Lanning","D Ireland","DJ Shepard",NA,"Kent Hannam","Melbourne Stars",NA,"7",NA,NA,NA,NA
"896547","6","Sydney Thunder","Perth Scorchers","female","2015/16","2016/01/21","Women's Big Bash League",NA,"Adelaide Oval",NA,"Sydney Thunder","bat","AJ Blackwell","PJ Gillespie","DB Mealey","SA Lightbody","SJ Davis","Sydney Thunder","8",NA,NA,NA,NA,NA
"1023679","6","Hobart Hurricanes","Melbourne Renegades","female","2016/17","2016/12/18","Women's Big Bash League","14","Queen Elizabeth II Oval","Bendigo","Melbourne Renegades","field","AE Satterthwaite","D Brigham","S Brne",NA,"RG Patterson",NA,NA,NA,NA,"tie","Hobart Hurricanes",NA
"896485","6","Melbourne Stars","Perth Scorchers","female","2015/16","2015/12/26","Women's Big Bash League","26","W.A.C.A. Ground","Perth","Melbourne Stars","bat","CM Edwards","T Steenholdt","TR Rann",NA,"Terry Prue","Perth Scorchers",NA,"6",NA,NA,NA,NA
"896527","6","Sydney Sixers","Hobart Hurricanes","female","2015/16","2016/01/15","Women's Big Bash League","47","Waverley Oval","Sydney","Sydney Sixers","bat","M Kapp","BC Treloar","SA Lightbody",NA,"RA Dunbar","Sydney Sixers","25",NA,"D/L",NA,NA,NA
"896549","6","Hobart Hurricanes","Sydney Sixers","female","2015/16","2016/01/22","Women's Big Bash League",NA,"Melbourne Cricket Ground",NA,"Hobart Hurricanes","bat","LC Sthalekar","GJ Davidson","AK Wilds","DJ Shepard","D Cox","Sydney Sixers",NA,"10","D/L",NA,NA,NA
"1023677","6","Brisbane Heat","Perth Scorchers","female","2016/17","2016/12/17","Women's Big Bash League","13","W.A.C.A. Ground","Perth","Perth Scorchers","field","NE Bolton","John Taylor","Hennie Botes",NA,"Terry Prue","Perth Scorchers",NA,"8",NA,NA,NA,NA
"1023661","6","Perth Scorchers","Hobart Hurricanes","female","2016/17","2016/12/11","Women's Big Bash League","5","North Sydney Oval","Sydney","Perth Scorchers","bat","EJ Villani","SA Lightbody","DM Koch","CA Polosak","WD Hendricks","Perth Scorchers","17",NA,NA,NA,NA,NA
"896463","6","Sydney Sixers","Melbourne Stars","female","2015/16","2015/12/18","Women's Big Bash League","15","Drummoyne Oval","Sydney","Sydney Sixers","bat","MM Lanning","D Taylor","BC Treloar",NA,"GE Reed","Melbourne Stars",NA,"9",NA,NA,NA,NA
"896467","6","Adelaide Strikers","Brisbane Heat","female","2015/16","2015/12/19","Women's Big Bash League","20","Brisbane Cricket Ground, Woolloongabba","Brisbane","Adelaide Strikers","bat","JL Jonassen","DB Mealey","DM Koch",NA,"CA Polosak","Brisbane Heat",NA,"8",NA,NA,NA,NA
"896471","6","Sydney Sixers","Melbourne Stars","female","2015/16","2015/12/19","Women's Big Bash League","18","Drummoyne Oval","Sydney","Sydney Sixers","bat","MM Lanning","Anthony Hobson","BC Treloar",NA,"SJ Davis","Melbourne Stars",NA,"7",NA,NA,NA,NA
"1226905","6","Melbourne Stars","Melbourne Renegades","female","2020/21","2020/10/25","Women's Big Bash League","4","Hurstville Oval","Sydney","Melbourne Renegades","field",NA,"Roberto Howard","J Matibiri",NA,"David Johnston",NA,NA,NA,NA,"no result",NA,NA
"1226906","6","Hobart Hurricanes","Adelaide Strikers","female","2020/21","2020/10/25","Women's Big Bash League","2","Hurstville Oval","Sydney","Adelaide Strikers","field","L Wolvaardt","M Qureshi","Bede Sajowitz",NA,"Kent Hannam","Adelaide Strikers",NA,"8",NA,NA,NA,NA
"1226908","6","Perth Scorchers","Brisbane Heat","female","2020/21","2020/10/25","Women's Big Bash League","1","North Sydney Oval","Sydney","Brisbane Heat","field","GM Harris","NR Johnstone","GJ Davidson","SA Lightbody","SR Bernard","Brisbane Heat",NA,"7",NA,NA,NA,NA
"1226909","6","Sydney Thunder","Melbourne Stars","female","2020/21","2020/10/26","Women's Big Bash League","5","North Sydney Oval","Sydney","Melbourne Stars","field",NA,"NR Johnstone","M Qureshi",NA,"Dave Gilbert",NA,NA,NA,NA,"no result",NA,NA
"1226912","6","Adelaide Strikers","Sydney Sixers","female","2020/21","2020/10/26","Women's Big Bash League","8","North Sydney Oval","Sydney","Sydney Sixers","field","AJ Healy","SE Dionysius","GJ Davidson",NA,"Kent Hannam","Sydney Sixers",NA,"9",NA,NA,NA,NA
"1226913","6","Sydney Thunder","Adelaide Strikers","female","2020/21","2020/10/31","Women's Big Bash League","9","Sydney Showground Stadium",NA,"Adelaide Strikers","field","HC Knight","NR Johnstone","TJ Matibiri","D Taylor","Kent Hannam","Sydney Thunder","58",NA,NA,NA,NA,NA
"1226914","6","Melbourne Renegades","Perth Scorchers","female","2020/21","2020/10/31","Women's Big Bash League","10","Drummoyne Oval","Sydney","Perth Scorchers","field","SFM Devine","Bede Sajowitz","SE Dionysius",NA,"Dave Gilbert","Perth Scorchers","18",NA,NA,NA,NA,NA
"1226915","6","Brisbane Heat","Hobart Hurricanes","female","2020/21","2020/10/31","Women's Big Bash League","11","Sydney Showground Stadium",NA,"Hobart Hurricanes","field",NA,"Roberto Howard","GJ Davidson","AK Wilds","SR Bernard",NA,NA,NA,NA,"no result",NA,NA
"1226917","6","Adelaide Strikers","Perth Scorchers","female","2020/21","2020/11/01","Women's Big Bash League","13","Drummoyne Oval","Sydney","Perth Scorchers","field",NA,"M Qureshi","TJ Matibiri",NA,"Kent Hannam",NA,NA,NA,NA,"no result",NA,NA
"1226918","6","Sydney Thunder","Brisbane Heat","female","2020/21","2020/11/01","Women's Big Bash League","14","Sydney Showground Stadium",NA,"Brisbane Heat","field","SL Bates","Roberto Howard","AK Wilds","D Taylor","David Johnston","Sydney Thunder","14",NA,NA,NA,NA,NA
"1226919","6","Melbourne Renegades","Sydney Sixers","female","2020/21","2020/11/01","Women's Big Bash League","15","Sydney Showground Stadium",NA,"Sydney Sixers","field","AJ Healy","GJ Davidson","Bede Sajowitz","SA Lightbody","Dave Gilbert","Sydney Sixers",NA,"8",NA,NA,NA,NA
"1226920","6","Hobart Hurricanes","Melbourne Stars","female","2020/21","2020/11/01","Women's Big Bash League","16","Drummoyne Oval","Sydney","Melbourne Stars","field","KH Brunt","NR Johnstone","SE Dionysius",NA,"SR Bernard","Melbourne Stars",NA,"8",NA,NA,NA,NA
"1226921","6","Melbourne Renegades","Hobart Hurricanes","female","2020/21","2020/11/03","Women's Big Bash League","17","Blacktown International Sportspark","Sydney","Hobart Hurricanes","field","NJ Carey","Roberto Howard","TJ Matibiri",NA,"SR Bernard","Hobart Hurricanes",NA,"9",NA,NA,NA,NA
"1226922","6","Adelaide Strikers","Melbourne Stars","female","2020/21","2020/11/03","Women's Big Bash League","18","Blacktown International Sportspark","Sydney","Melbourne Stars","field","MM Lanning","D Taylor","SA Lightbody",NA,"David Johnston","Melbourne Stars",NA,"7",NA,NA,NA,NA
"1226923","6","Sydney Thunder","Perth Scorchers","female","2020/21","2020/11/04","Women's Big Bash League","19","Blacktown International Sportspark","Sydney","Perth Scorchers","field","RL Haynes","Roberto Howard","SE Dionysius",NA,"Kent Hannam","Sydney Thunder","24",NA,NA,NA,NA,NA
"1226924","6","Sydney Sixers","Brisbane Heat","female","2020/21","2020/11/04","Women's Big Bash League","20","Blacktown International Sportspark","Sydney","Sydney Sixers","bat","EA Perry","TJ Matibiri","GJ Davidson",NA,"Dave Gilbert","Sydney Sixers","24",NA,NA,NA,NA,NA
"1226926","6","Melbourne Renegades","Sydney Thunder","female","2020/21","2020/11/07","Women's Big Bash League","22","Hurstville Oval","Sydney","Sydney Thunder","field","SJ Johnson","Roberto Howard","Bede Sajowitz",NA,"Dave Gilbert","Melbourne Renegades","2",NA,NA,NA,NA,NA
"1226927","6","Sydney Sixers","Hobart Hurricanes","female","2020/21","2020/11/07","Women's Big Bash League","23","North Sydney Oval","Sydney","Sydney Sixers","bat","A Gardner","M Qureshi","AK Wilds","NR Johnstone","Kent Hannam","Sydney Sixers","9",NA,NA,NA,NA,NA
"1226928","6","Perth Scorchers","Melbourne Stars","female","2020/21","2020/11/07","Women's Big Bash League","24","North Sydney Oval","Sydney","Melbourne Stars","field","MM Lanning","SA Lightbody","SE Dionysius","NR Johnstone","David Johnston","Melbourne Stars",NA,"8",NA,NA,NA,NA
"1226929","6","Sydney Thunder","Hobart Hurricanes","female","2020/21","2020/11/08","Women's Big Bash League","25","Hurstville Oval","Sydney","Hobart Hurricanes","field","HC Knight","TJ Matibiri","SE Dionysius",NA,"David Johnston","Sydney Thunder","1",NA,NA,NA,NA,NA
"1226930","6","Adelaide Strikers","Melbourne Renegades","female","2020/21","2020/11/08","Women's Big Bash League","26","North Sydney Oval","Sydney","Adelaide Strikers","bat","SR Taylor","NR Johnstone","D Taylor","SA Lightbody","Dave Gilbert","Adelaide Strikers","6",NA,NA,NA,NA,NA
"1226931","6","Melbourne Stars","Brisbane Heat","female","2020/21","2020/11/08","Women's Big Bash League","27","North Sydney Oval","Sydney","Brisbane Heat","field","MM Lanning","AK Wilds","Bede Sajowitz","GJ Davidson","Kent Hannam","Melbourne Stars","23",NA,NA,NA,NA,NA
"1226932","6","Perth Scorchers","Sydney Sixers","female","2020/21","2020/11/08","Women's Big Bash League","28","Hurstville Oval","Sydney","Perth Scorchers","bat","SFM Devine","Roberto Howard","M Qureshi",NA,"SR Bernard","Perth Scorchers","36",NA,NA,NA,NA,NA
"1226933","6","Adelaide Strikers","Melbourne Stars","female","2020/21","2020/11/10","Women's Big Bash League","29","Blacktown International Sportspark","Sydney","Melbourne Stars","field","NR Sciver","GJ Davidson","Andrew Crozier",NA,"Kent Hannam","Melbourne Stars",NA,"5",NA,NA,NA,NA
"1226934","6","Hobart Hurricanes","Melbourne Renegades","female","2020/21","2020/11/10","Women's Big Bash League","30","Blacktown International Sportspark","Sydney","Melbourne Renegades","field","HK Matthews","Steven Farrell","Sharad Patel",NA,"David Johnston","Hobart Hurricanes","9",NA,NA,NA,NA,NA
"1226935","6","Sydney Sixers","Perth Scorchers","female","2020/21","2020/11/11","Women's Big Bash League","31","Blacktown International Sportspark","Sydney","Sydney Sixers","bat","BL Mooney","Steven Farrell","Eloise Sheridan",NA,"SR Bernard","Perth Scorchers",NA,"5",NA,NA,NA,NA
"1226936","6","Sydney Thunder","Brisbane Heat","female","2020/21","2020/11/11","Women's Big Bash League","32","Blacktown International Sportspark","Sydney","Sydney Thunder","bat","G Redmayne","Troy Penman","AK Wilds",NA,"Dave Gilbert","Brisbane Heat",NA,"8",NA,NA,NA,NA
"1226937","6","Melbourne Renegades","Perth Scorchers","female","2020/21","2020/11/14","Women's Big Bash League","33","Sydney Showground Stadium",NA,"Perth Scorchers","field","SFM Devine","Steven Farrell","BC Treloar","Eloise Sheridan","Kent Hannam","Perth Scorchers",NA,"9",NA,NA,NA,NA
"1226938","6","Brisbane Heat","Adelaide Strikers","female","2020/21","2020/11/14","Women's Big Bash League","34","Drummoyne Oval","Sydney","Adelaide Strikers","field","L Harris","D Taylor","Sharad Patel",NA,"Dave Gilbert","Brisbane Heat","14",NA,NA,NA,NA,NA
"1226939","6","Sydney Sixers","Hobart Hurricanes","female","2020/21","2020/11/14","Women's Big Bash League","35","Sydney Showground Stadium",NA,"Sydney Sixers","bat","RH Priest","GJ Davidson","Troy Penman","CA Polosak","David Johnston","Hobart Hurricanes",NA,"9",NA,NA,NA,NA
"1226940","6","Sydney Thunder","Melbourne Stars","female","2020/21","2020/11/14","Women's Big Bash League","36","Sydney Showground Stadium",NA,"Melbourne Stars","field","NR Sciver","Andrew Crozier","AK Wilds","CA Polosak","SR Bernard","Melbourne Stars",NA,"8",NA,NA,NA,NA
"1226941","6","Adelaide Strikers","Sydney Sixers","female","2020/21","2020/11/15","Women's Big Bash League","37","Drummoyne Oval","Sydney","Sydney Sixers","field","TJ McPharlin","AK Wilds","D Taylor",NA,"Dave Gilbert","Adelaide Strikers","14",NA,NA,NA,NA,NA
"1226942","6","Hobart Hurricanes","Brisbane Heat","female","2020/21","2020/11/15","Women's Big Bash League","40","Drummoyne Oval","Sydney","Hobart Hurricanes","bat","G Redmayne","Eloise Sheridan","Andrew Crozier",NA,"Kent Hannam","Brisbane Heat",NA,"10",NA,NA,NA,NA
"1226943","6","Perth Scorchers","Sydney Thunder","female","2020/21","2020/11/15","Women's Big Bash League","38","Sydney Showground Stadium",NA,"Perth Scorchers","bat","SFM Devine","Steven Farrell","CA Polosak","BC Treloar","David Johnston","Perth Scorchers","34",NA,NA,NA,NA,NA
"1226944","6","Melbourne Stars","Melbourne Renegades","female","2020/21","2020/11/15","Women's Big Bash League","39","Sydney Showground Stadium",NA,"Melbourne Renegades","field","C Webb","GJ Davidson","Sharad Patel","Troy Penman","SR Bernard",NA,NA,NA,NA,"tie","Melbourne Renegades",NA
"1226945","6","Adelaide Strikers","Hobart Hurricanes","female","2020/21","2020/11/17","Women's Big Bash League","41","Hurstville Oval","Sydney","Hobart Hurricanes","field","M Penna","Troy Penman","BC Treloar",NA,"SR Bernard","Adelaide Strikers","64",NA,NA,NA,NA,NA
"1226946","6","Sydney Sixers","Brisbane Heat","female","2020/21","2020/11/17","Women's Big Bash League","42","Sydney Showground Stadium",NA,"Sydney Sixers","bat","GM Harris","Steven Farrell","AK Wilds",NA,"Kent Hannam","Brisbane Heat",NA,"3",NA,NA,NA,NA
"1226947","6","Melbourne Stars","Perth Scorchers","female","2020/21","2020/11/17","Women's Big Bash League","43","Hurstville Oval","Sydney","Perth Scorchers","field","MM Lanning","CA Polosak","Andrew Crozier",NA,"Dave Gilbert","Melbourne Stars","6",NA,NA,NA,NA,NA
"1226948","6","Melbourne Renegades","Sydney Thunder","female","2020/21","2020/11/17","Women's Big Bash League","44","Sydney Showground Stadium",NA,"Sydney Thunder","field","HC Knight","D Taylor","Eloise Sheridan",NA,"David Johnston","Sydney Thunder",NA,"8",NA,NA,NA,NA
"1226949","6","Perth Scorchers","Brisbane Heat","female","2020/21","2020/11/18","Women's Big Bash League","45","Hurstville Oval","Sydney","Brisbane Heat","field","L Harris","BC Treloar","Andrew Crozier",NA,"SR Bernard","Brisbane Heat",NA,"4",NA,NA,NA,NA
"1226950","6","Adelaide Strikers","Melbourne Renegades","female","2020/21","2020/11/18","Women's Big Bash League","46","Sydney Showground Stadium",NA,"Adelaide Strikers","bat","C Leeson","GJ Davidson","Eloise Sheridan",NA,"Dave Gilbert","Melbourne Renegades",NA,"7",NA,NA,NA,NA
"1226951","6","Melbourne Stars","Hobart Hurricanes","female","2020/21","2020/11/18","Women's Big Bash League","47","Hurstville Oval","Sydney","Hobart Hurricanes","field","A Sutherland","AK Wilds","Sharad Patel",NA,"Kent Hannam","Melbourne Stars","39",NA,NA,NA,NA,NA
"1226952","6","Sydney Sixers","Sydney Thunder","female","2020/21","2020/11/18","Women's Big Bash League","48","Sydney Showground Stadium",NA,"Sydney Thunder","field","EA Burns","D Taylor","CA Polosak",NA,"David Johnston","Sydney Sixers","4",NA,NA,NA,NA,NA
"1226953","6","Melbourne Stars","Brisbane Heat","female","2020/21","2020/11/21","Women's Big Bash League","49","Drummoyne Oval","Sydney","Brisbane Heat","field","L Harris","Steven Farrell","GJ Davidson",NA,"SR Bernard","Brisbane Heat",NA,"3",NA,NA,NA,NA
"1226954","6","Adelaide Strikers","Sydney Thunder","female","2020/21","2020/11/21","Women's Big Bash League","50","Drummoyne Oval","Sydney","Sydney Thunder","field","SJ Johnson","Andrew Crozier","Sharad Patel",NA,"David Johnston","Sydney Thunder",NA,"5",NA,NA,NA,NA
"1226955","6","Hobart Hurricanes","Perth Scorchers","female","2020/21","2020/11/21","Women's Big Bash League","51","North Sydney Oval","Sydney","Perth Scorchers","field","SFM Devine","CA Polosak","Eloise Sheridan","AK Wilds","Dave Gilbert","Perth Scorchers",NA,"10",NA,NA,NA,NA
"1226956","6","Sydney Sixers","Melbourne Renegades","female","2020/21","2020/11/21","Women's Big Bash League","52","North Sydney Oval","Sydney","Melbourne Renegades","field","L Lee","Troy Penman","D Taylor","BC Treloar","Kent Hannam","Melbourne Renegades",NA,"6",NA,NA,NA,NA
"1226957","6","Hobart Hurricanes","Sydney Thunder","female","2020/21","2020/11/22","Women's Big Bash League","53","Drummoyne Oval","Sydney","Sydney Thunder","field","S Ismail","Steven Farrell","CA Polosak",NA,"Kent Hannam","Sydney Thunder",NA,"6",NA,NA,NA,NA
"1226958","6","Adelaide Strikers","Perth Scorchers","female","2020/21","2020/11/22","Women's Big Bash League","54","North Sydney Oval","Sydney","Perth Scorchers","field","A Wellington","BC Treloar","Sharad Patel","GJ Davidson","Dave Gilbert","Adelaide Strikers","3",NA,NA,NA,NA,NA
"1226959","6","Melbourne Stars","Sydney Sixers","female","2020/21","2020/11/22","Women's Big Bash League","55","North Sydney Oval","Sydney","Sydney Sixers","field","AJ Healy","Eloise Sheridan","AK Wilds","Troy Penman","SR Bernard","Sydney Sixers",NA,"5",NA,NA,NA,NA
"1226960","6","Brisbane Heat","Melbourne Renegades","female","2020/21","2020/11/22","Women's Big Bash League","56","Drummoyne Oval","Sydney","Melbourne Renegades","field","G Prestwidge","D Taylor","Andrew Crozier",NA,"David Johnston","Brisbane Heat","43",NA,NA,NA,NA,NA
"1226961","6","Perth Scorchers","Melbourne Stars","female","2020/21","2020/11/25","Women's Big Bash League",NA,"North Sydney Oval","Sydney","Melbourne Stars","field","A King","Troy Penman","CA Polosak","AK Wilds","SR Bernard","Melbourne Stars",NA,"7",NA,NA,NA,"Eloise Sheridan"
"1226962","6","Sydney Thunder","Brisbane Heat","female","2020/21","2020/11/26","Women's Big Bash League",NA,"North Sydney Oval","Sydney","Brisbane Heat","field","HJ Darlington","Eloise Sheridan","AK Wilds","CA Polosak","Kent Hannam","Sydney Thunder","12",NA,NA,NA,NA,"Troy Penman"
"1226963","6","Melbourne Stars","Sydney Thunder","female","2020/21","2020/11/29","Women's Big Bash League",NA,"North Sydney Oval","Sydney","Melbourne Stars","bat","S Ismail","CA Polosak","Eloise Sheridan","AK Wilds","SR Bernard","Sydney Thunder",NA,"7",NA,NA,NA,"Troy Penman"
"1269055","6","Melbourne Stars","Sydney Sixers","female","2021/22","2021/10/14","Women's Big Bash League","1","Bellerive Oval, Hobart","Hobart","Sydney Sixers","field","AJ Healy","D Taylor","Roberto Howard",NA,"Kent Hannam","Sydney Sixers",NA,"6",NA,NA,NA,"SA Lightbody"
"1269056","6","Hobart Hurricanes","Melbourne Renegades","female","2021/22","2021/10/16","Women's Big Bash League","2","Bellerive Oval, Hobart","Hobart","Hobart Hurricanes","bat","G Wareham","Andrew Crozier","CA Polosak",NA,"Kent Hannam","Melbourne Renegades",NA,"6",NA,NA,NA,"D Taylor"
"1269057","6","Adelaide Strikers","Sydney Thunder","female","2021/22","2021/10/16","Women's Big Bash League","3","Bellerive Oval, Hobart","Hobart","Sydney Thunder","field","TM McGrath","Mattis van Eck","SA Lightbody",NA,"SR Bernard","Adelaide Strikers","30",NA,NA,NA,NA,"D Taylor"
"1269058","6","Perth Scorchers","Brisbane Heat","female","2021/22","2021/10/17","Women's Big Bash League","5","Bellerive Oval, Hobart","Hobart","Brisbane Heat","field","A King","CA Polosak","Mattis van Eck",NA,"Kent Hannam",NA,NA,NA,NA,"tie","Perth Scorchers","SA Lightbody"
"1269059","6","Hobart Hurricanes","Sydney Sixers","female","2021/22","2021/10/17","Women's Big Bash League","4","Bellerive Oval, Hobart","Hobart","Sydney Sixers","field","Shafali Verma","D Taylor","Roberto Howard",NA,"SR Bernard","Sydney Sixers",NA,"5",NA,NA,NA,"SA Lightbody"
"1269060","6","Hobart Hurricanes","Melbourne Stars","female","2021/22","2021/10/19","Women's Big Bash League","6","Bellerive Oval, Hobart","Hobart","Melbourne Stars","field","RH Priest","Mattis van Eck","SA Lightbody",NA,"Kent Hannam","Hobart Hurricanes","63",NA,NA,NA,NA,NA
"1269061","6","Brisbane Heat","Perth Scorchers","female","2021/22","2021/10/19","Women's Big Bash League","7","Bellerive Oval, Hobart","Hobart","Perth Scorchers","field","G Redmayne","Andrew Crozier","TJ Matibiri",NA,"SR Bernard","Brisbane Heat","59",NA,NA,NA,NA,NA
"1269062","6","Melbourne Renegades","Adelaide Strikers","female","2021/22","2021/10/20","Women's Big Bash League","8","Bellerive Oval, Hobart","Hobart","Melbourne Renegades","bat","TM McGrath","D Taylor","M Qureshi",NA,"Kent Hannam","Adelaide Strikers",NA,"8",NA,NA,NA,NA
"1269063","6","Melbourne Stars","Sydney Sixers","female","2021/22","2021/10/20","Women's Big Bash League","9","Bellerive Oval, Hobart","Hobart","Sydney Sixers","field","A Sutherland","Mattis van Eck","Roberto Howard",NA,"SR Bernard","Melbourne Stars","30",NA,NA,NA,NA,NA
"1269064","6","Hobart Hurricanes","Adelaide Strikers","female","2021/22","2021/10/23","Women's Big Bash League","10","Invermay Park, Launceston","Launceston","Adelaide Strikers","field",NA,"Roberto Howard","Simon Burns",NA,"Kent Hannam",NA,NA,NA,NA,"no result",NA,NA
"1269068","6","Brisbane Heat","Adelaide Strikers","female","2021/22","2021/10/24","Women's Big Bash League","14","Invermay Park, Launceston","Launceston","Adelaide Strikers","field","D Brown","M Qureshi","Roberto Howard",NA,"SR Bernard","Brisbane Heat","5",NA,NA,NA,NA,NA
"1269069","6","Sydney Sixers","Melbourne Renegades","female","2021/22","2021/10/24","Women's Big Bash League","15","Aurora Stadium, Launceston","Launceston","Melbourne Renegades","field","H Kaur","Mattis van Eck","SAJ Craig","CA Polosak","David Johnston","Melbourne Renegades",NA,"7",NA,NA,NA,NA
"1269070","6","Perth Scorchers","Sydney Thunder","female","2021/22","2021/10/24","Women's Big Bash League","16","Aurora Stadium, Launceston","Launceston","Sydney Thunder","field","SFM Devine","Andrew Crozier","SA Lightbody",NA,"Kent Hannam","Perth Scorchers","81",NA,NA,NA,NA,"D Taylor"
"1269071","6","Melbourne Stars","Sydney Thunder","female","2021/22","2021/10/26","Women's Big Bash League","17","Aurora Stadium, Launceston","Launceston","Melbourne Stars","bat","KJ Garth","Andrew Crozier","D Taylor",NA,"Kent Hannam","Melbourne Stars","12",NA,NA,NA,NA,NA
"1269072","6","Hobart Hurricanes","Brisbane Heat","female","2021/22","2021/10/26","Women's Big Bash League","18","Aurora Stadium, Launceston","Launceston","Brisbane Heat","field","GM Harris","Mansoor Qureshi","SAJ Craig",NA,"David Johnston","Brisbane Heat",NA,"8",NA,NA,NA,NA
"1269073","6","Melbourne Renegades","Sydney Thunder","female","2021/22","2021/10/27","Women's Big Bash League","19","University Oval, Hobart","Hobart","Melbourne Renegades","bat","JI Rodrigues","Andrew Crozier","Roberto Howard",NA,"David Johnston","Melbourne Renegades","9",NA,NA,NA,NA,NA
"1269074","6","Melbourne Stars","Hobart Hurricanes","female","2021/22","2021/10/27","Women's Big Bash League","20","University Oval, Hobart","Hobart","Hobart Hurricanes","field","M du Preez","CA Polosak","SA Lightbody",NA,"SR Bernard","Hobart Hurricanes",NA,"6",NA,NA,NA,NA
"1269075","6","Melbourne Renegades","Sydney Sixers","female","2021/22","2021/10/30","Women's Big Bash League","21","Lilac Hill Park, Perth","Perth","Sydney Sixers","field","JE Cameron","J Thomas","T Steenholdt",NA,"Kent Hannam","Melbourne Renegades","12",NA,NA,NA,NA,NA
"1269076","6","Sydney Thunder","Melbourne Stars","female","2021/22","2021/10/30","Women's Big Bash League","22","Aurora Stadium, Launceston","Launceston","Sydney Thunder","bat","SL Bates","TJ Matibiri","Roberto Howard",NA,"David Johnston","Sydney Thunder","19",NA,NA,NA,NA,NA
"1269077","6","Perth Scorchers","Adelaide Strikers","female","2021/22","2021/10/30","Women's Big Bash League","23","Lilac Hill Park, Perth","Perth","Perth Scorchers","bat","BL Mooney","J Buscall","NR Johnstone",NA,"Kent Hannam",NA,NA,NA,NA,"tie","Perth Scorchers",NA
"1269078","6","Brisbane Heat","Hobart Hurricanes","female","2021/22","2021/10/30","Women's Big Bash League","24","Aurora Stadium, Launceston","Launceston","Hobart Hurricanes","field","GM Harris","Andrew Crozier","Simon Burns",NA,"SR Bernard","Brisbane Heat","14",NA,NA,NA,NA,NA
"1269079","6","Sydney Thunder","Hobart Hurricanes","female","2021/22","2021/10/31","Women's Big Bash League","25","Aurora Stadium, Launceston","Launceston","Sydney Thunder","bat","DB Sharma","Roberto Howard","SAJ Craig",NA,"SR Bernard","Sydney Thunder","37",NA,NA,NA,NA,"CA Polosak"
"1269080","6","Adelaide Strikers","Melbourne Renegades","female","2021/22","2021/10/31","Women's Big Bash League","26","Lilac Hill Park, Perth","Perth","Adelaide Strikers","bat","H Kaur","J Thomas","NR Johnstone",NA,"Kent Hannam","Melbourne Renegades",NA,"6",NA,NA,NA,NA
"1269081","6","Brisbane Heat","Melbourne Stars","female","2021/22","2021/10/31","Women's Big Bash League","27","Aurora Stadium, Launceston","Launceston","Brisbane Heat","bat","T Flintoff","Andrew Crozier","D Taylor",NA,"David Johnston","Melbourne Stars",NA,"8",NA,NA,NA,NA
"1269082","6","Sydney Sixers","Perth Scorchers","female","2021/22","2021/10/31","Women's Big Bash League","28","Lilac Hill Park, Perth","Perth","Sydney Sixers","bat","AJ Healy","J Buscall","T Steenholdt",NA,"Kent Hannam","Sydney Sixers","44",NA,NA,NA,NA,NA
"1269083","6","Sydney Sixers","Hobart Hurricanes","female","2021/22","2021/11/03","Women's Big Bash League","29","Western Australia Cricket Association Ground, Perth","Perth","Hobart Hurricanes","field","A Gardner","Dean Trigg","T Steenholdt",NA,"Kent Hannam","Sydney Sixers","31",NA,NA,NA,NA,NA
"1269084","6","Perth Scorchers","Melbourne Renegades","female","2021/22","2021/11/03","Women's Big Bash League","30","Western Australia Cricket Association Ground, Perth","Perth","Perth Scorchers","bat","BL Mooney","J Buscall","NR Johnstone",NA,"Kent Hannam","Perth Scorchers","40",NA,NA,NA,NA,NA
"1269085","6","Melbourne Renegades","Brisbane Heat","female","2021/22","2021/11/06","Women's Big Bash League","31","Karen Rolton Oval, Adelaide","Adelaide","Brisbane Heat","field","H Kaur","Harsimran Singh","SAJ Craig",NA,"SD Fry","Melbourne Renegades","15",NA,NA,NA,NA,NA
"1269086","6","Melbourne Stars","Adelaide Strikers","female","2021/22","2021/11/06","Women's Big Bash League","32","Karen Rolton Oval, Adelaide","Adelaide","Adelaide Strikers","field","MM Lanning","D Taylor","SA Lightbody",NA,"SJ Davis","Melbourne Stars","37",NA,NA,NA,NA,NA
"1269087","6","Hobart Hurricanes","Perth Scorchers","female","2021/22","2021/11/06","Women's Big Bash League","33","Western Australia Cricket Association Ground, Perth","Perth","Hobart Hurricanes","bat","RH Priest","Dean Trigg","NR Johnstone",NA,"Kent Hannam","Hobart Hurricanes","2",NA,NA,NA,NA,NA
"1269088","6","Sydney Thunder","Brisbane Heat","female","2021/22","2021/11/07","Women's Big Bash League","34","Adelaide Oval","Adelaide","Sydney Thunder","bat","G Redmayne","CA Polosak","Harsimran Singh",NA,"SJ Davis","Brisbane Heat",NA,"5",NA,NA,NA,"SAJ Craig"
"1269089","6","Melbourne Stars","Melbourne Renegades","female","2021/22","2021/11/07","Women's Big Bash League","35","Adelaide Oval","Adelaide","Melbourne Stars","bat","S Molineux","Eloise Sheridan","SA Lightbody",NA,"SD Fry","Melbourne Renegades",NA,"7",NA,NA,NA,"D Taylor"
"1269090","6","Hobart Hurricanes","Perth Scorchers","female","2021/22","2021/11/07","Women's Big Bash League","36","Western Australia Cricket Association Ground, Perth","Perth","Hobart Hurricanes","bat","M Kapp","J Buscall","T Steenholdt",NA,"Kent Hannam","Perth Scorchers",NA,"5",NA,NA,NA,NA
"1269091","6","Sydney Sixers","Brisbane Heat","female","2021/22","2021/11/09","Women's Big Bash League","37","Karen Rolton Oval, Adelaide","Adelaide","Sydney Sixers","bat","A Gardner","D Taylor","D Bhatt",NA,"SJ Davis","Brisbane Heat",NA,"8",NA,NA,NA,NA
"1269092","6","Adelaide Strikers","Sydney Thunder","female","2021/22","2021/11/09","Women's Big Bash League","38","Karen Rolton Oval, Adelaide","Adelaide","Adelaide Strikers","bat","L Wolvaardt","NR Johnstone","SA Lightbody",NA,"SD Fry","Adelaide Strikers","18",NA,NA,NA,NA,NA
